BinCenter,BinContent
0.0005,0
0.0015,0
0.0025,0
0.0035,0
0.0045,0
0.0055,0
0.0065,0
0.0075,0
0.0085,0
0.0095,0
0.0105,0
0.0115,0
0.0125,0
0.0135,0
0.0145,1
0.0155,0
0.0165,1
0.0175,1
0.0185,2
0.0195,2
0.0205,3
0.0215,3
0.0225,4
0.0235,17
0.0245,24
0.0255,19
0.0265,38
0.0275,52
0.0285,90
0.0295,105
0.0305,112
0.0315,150
0.0325,149
0.0335,170
0.0345,180
0.0355,180
0.0365,232
0.0375,237
0.0385,246
0.0395,317
0.0405,322
0.0415,299
0.0425,311
0.0435,306
0.0445,327
0.0455,362
0.0465,329
0.0475,321
0.0485,371
0.0495,367
0.0505,326
0.0515,339
0.0525,366
0.0535,395
0.0545,366
0.0555,402
0.0565,368
0.0575,413
0.0585,384
0.0595,388
0.0605,415
0.0615,398
0.0625,362
0.0635,396
0.0645,344
0.0655,392
0.0665,350
0.0675,369
0.0685,363
0.0695,336
0.0705,340
0.0715,323
0.0725,343
0.0735,356
0.0745,364
0.0755,337
0.0765,319
0.0775,307
0.0785,350
0.0795,291
0.0805,330
0.0815,291
0.0825,324
0.0835,306
0.0845,305
0.0855,328
0.0865,286
0.0875,277
0.0885,286
0.0895,306
0.0905,264
0.0915,294
0.0925,284
0.0935,308
0.0945,253
0.0955,258
0.0965,259
0.0975,260
0.0985,251
0.0995,247
0.1005,267
0.1015,274
0.1025,258
0.1035,251
0.1045,219
0.1055,220
0.1065,218
0.1075,216
0.1085,240
0.1095,237
0.1105,233
0.1115,208
0.1125,223
0.1135,233
0.1145,232
0.1155,232
0.1165,209
0.1175,195
0.1185,200
0.1195,210
0.1205,206
0.1215,207
0.1225,194
0.1235,165
0.1245,209
0.1255,178
0.1265,192
0.1275,186
0.1285,175
0.1295,193
0.1305,174
0.1315,190
0.1325,162
0.1335,171
0.1345,179
0.1355,187
0.1365,182
0.1375,188
0.1385,187
0.1395,212
0.1405,178
0.1415,145
0.1425,141
0.1435,163
0.1445,165
0.1455,175
0.1465,167
0.1475,151
0.1485,163
0.1495,148
0.1505,152
0.1515,149
0.1525,145
0.1535,139
0.1545,167
0.1555,151
0.1565,149
0.1575,150
0.1585,130
0.1595,142
0.1605,180
0.1615,157
0.1625,156
0.1635,147
0.1645,129
0.1655,114
0.1665,131
0.1675,143
0.1685,123
0.1695,119
0.1705,106
0.1715,138
0.1725,144
0.1735,142
0.1745,132
0.1755,115
0.1765,122
0.1775,146
0.1785,134
0.1795,113
0.1805,108
0.1815,133
0.1825,120
0.1835,112
0.1845,104
0.1855,103
0.1865,124
0.1875,120
0.1885,120
0.1895,120
0.1905,99
0.1915,117
0.1925,96
0.1935,125
0.1945,120
0.1955,133
0.1965,98
0.1975,111
0.1985,113
0.1995,120
0.2005,107
0.2015,93
0.2025,118
0.2035,102
0.2045,117
0.2055,114
0.2065,110
0.2075,109
0.2085,115
0.2095,92
0.2105,110
0.2115,108
0.2125,100
0.2135,91
0.2145,85
0.2155,95
0.2165,92
0.2175,87
0.2185,85
0.2195,87
0.2205,74
0.2215,110
0.2225,85
0.2235,96
0.2245,85
0.2255,94
0.2265,93
0.2275,91
0.2285,89
0.2295,85
0.2305,86
0.2315,62
0.2325,94
0.2335,88
0.2345,82
0.2355,79
0.2365,79
0.2375,77
0.2385,86
0.2395,78
0.2405,77
0.2415,68
0.2425,82
0.2435,90
0.2445,88
0.2455,74
0.2465,85
0.2475,77
0.2485,75
0.2495,62
0.2505,73
0.2515,79
0.2525,78
0.2535,92
0.2545,81
0.2555,92
0.2565,83
0.2575,83
0.2585,91
0.2595,67
0.2605,68
0.2615,83
0.2625,72
0.2635,63
0.2645,60
0.2655,73
0.2665,84
0.2675,72
0.2685,73
0.2695,69
0.2705,69
0.2715,83
0.2725,69
0.2735,73
0.2745,70
0.2755,74
0.2765,66
0.2775,55
0.2785,68
0.2795,60
0.2805,57
0.2815,66
0.2825,56
0.2835,67
0.2845,58
0.2855,63
0.2865,54
0.2875,55
0.2885,64
0.2895,73
0.2905,70
0.2915,69
0.2925,42
0.2935,69
0.2945,63
0.2955,56
0.2965,69
0.2975,55
0.2985,64
0.2995,69
0.3005,54
0.3015,62
0.3025,48
0.3035,68
0.3045,69
0.3055,67
0.3065,42
0.3075,68
0.3085,59
0.3095,54
0.3105,41
0.3115,55
0.3125,60
0.3135,68
0.3145,54
0.3155,56
0.3165,52
0.3175,57
0.3185,47
0.3195,58
0.3205,47
0.3215,50
0.3225,55
0.3235,44
0.3245,63
0.3255,61
0.3265,63
0.3275,53
0.3285,57
0.3295,51
0.3305,57
0.3315,55
0.3325,54
0.3335,52
0.3345,45
0.3355,45
0.3365,35
0.3375,45
0.3385,55
0.3395,64
0.3405,48
0.3415,50
0.3425,50
0.3435,40
0.3445,36
0.3455,49
0.3465,49
0.3475,38
0.3485,44
0.3495,42
0.3505,66
0.3515,37
0.3525,56
0.3535,52
0.3545,44
0.3555,51
0.3565,39
0.3575,44
0.3585,42
0.3595,52
0.3605,47
0.3615,42
0.3625,52
0.3635,43
0.3645,46
0.3655,46
0.3665,39
0.3675,35
0.3685,38
0.3695,42
0.3705,35
0.3715,50
0.3725,41
0.3735,31
0.3745,40
0.3755,36
0.3765,40
0.3775,37
0.3785,26
0.3795,51
0.3805,46
0.3815,38
0.3825,35
0.3835,42
0.3845,39
0.3855,29
0.3865,40
0.3875,35
0.3885,45
0.3895,43
0.3905,46
0.3915,43
0.3925,33
0.3935,30
0.3945,44
0.3955,43
0.3965,34
0.3975,27
0.3985,30
0.3995,35
0.4005,30
0.4015,40
0.4025,39
0.4035,42
0.4045,42
0.4055,38
0.4065,32
0.4075,37
0.4085,33
0.4095,34
0.4105,42
0.4115,37
0.4125,41
0.4135,32
0.4145,25
0.4155,38
0.4165,28
0.4175,45
0.4185,34
0.4195,31
0.4205,39
0.4215,30
0.4225,31
0.4235,38
0.4245,49
0.4255,27
0.4265,37
0.4275,45
0.4285,30
0.4295,29
0.4305,37
0.4315,30
0.4325,41
0.4335,31
0.4345,25
0.4355,41
0.4365,29
0.4375,31
0.4385,36
0.4395,25
0.4405,29
0.4415,28
0.4425,30
0.4435,36
0.4445,28
0.4455,32
0.4465,26
0.4475,31
0.4485,26
0.4495,31
0.4505,31
0.4515,27
0.4525,34
0.4535,37
0.4545,33
0.4555,30
0.4565,23
0.4575,34
0.4585,35
0.4595,34
0.4605,35
0.4615,33
0.4625,30
0.4635,33
0.4645,27
0.4655,31
0.4665,30
0.4675,20
0.4685,34
0.4695,18
0.4705,29
0.4715,43
0.4725,34
0.4735,35
0.4745,24
0.4755,29
0.4765,26
0.4775,32
0.4785,35
0.4795,35
0.4805,23
0.4815,25
0.4825,22
0.4835,27
0.4845,28
0.4855,21
0.4865,28
0.4875,32
0.4885,34
0.4895,23
0.4905,15
0.4915,21
0.4925,31
0.4935,17
0.4945,21
0.4955,18
0.4965,30
0.4975,26
0.4985,14
0.4995,22
0.5005,30
0.5015,22
0.5025,23
0.5035,24
0.5045,27
0.5055,17
0.5065,24
0.5075,28
0.5085,31
0.5095,20
0.5105,30
0.5115,29
0.5125,24
0.5135,30
0.5145,22
0.5155,25
0.5165,18
0.5175,31
0.5185,15
0.5195,29
0.5205,21
0.5215,20
0.5225,20
0.5235,24
0.5245,24
0.5255,22
0.5265,24
0.5275,31
0.5285,27
0.5295,31
0.5305,20
0.5315,22
0.5325,27
0.5335,18
0.5345,19
0.5355,30
0.5365,19
0.5375,28
0.5385,22
0.5395,23
0.5405,32
0.5415,21
0.5425,23
0.5435,23
0.5445,26
0.5455,23
0.5465,34
0.5475,29
0.5485,24
0.5495,26
0.5505,21
0.5515,21
0.5525,22
0.5535,26
0.5545,30
0.5555,25
0.5565,15
0.5575,19
0.5585,23
0.5595,20
0.5605,23
0.5615,23
0.5625,21
0.5635,28
0.5645,18
0.5655,23
0.5665,27
0.5675,22
0.5685,20
0.5695,17
0.5705,18
0.5715,17
0.5725,17
0.5735,18
0.5745,18
0.5755,26
0.5765,23
0.5775,19
0.5785,22
0.5795,21
0.5805,19
0.5815,20
0.5825,13
0.5835,11
0.5845,17
0.5855,17
0.5865,16
0.5875,21
0.5885,20
0.5895,20
0.5905,15
0.5915,24
0.5925,18
0.5935,21
0.5945,22
0.5955,14
0.5965,13
0.5975,16
0.5985,17
0.5995,17
0.6005,19
0.6015,21
0.6025,14
0.6035,16
0.6045,25
0.6055,16
0.6065,21
0.6075,20
0.6085,18
0.6095,16
0.6105,20
0.6115,21
0.6125,17
0.6135,31
0.6145,19
0.6155,15
0.6165,28
0.6175,16
0.6185,15
0.6195,12
0.6205,21
0.6215,18
0.6225,19
0.6235,12
0.6245,23
0.6255,29
0.6265,9
0.6275,14
0.6285,18
0.6295,26
0.6305,17
0.6315,21
0.6325,13
0.6335,23
0.6345,18
0.6355,16
0.6365,17
0.6375,21
0.6385,20
0.6395,15
0.6405,16
0.6415,15
0.6425,26
0.6435,17
0.6445,7
0.6455,13
0.6465,11
0.6475,22
0.6485,14
0.6495,17
0.6505,14
0.6515,13
0.6525,11
0.6535,22
0.6545,15
0.6555,15
0.6565,22
0.6575,15
0.6585,9
0.6595,16
0.6605,14
0.6615,22
0.6625,16
0.6635,16
0.6645,13
0.6655,9
0.6665,11
0.6675,21
0.6685,15
0.6695,14
0.6705,10
0.6715,23
0.6725,25
0.6735,11
0.6745,15
0.6755,22
0.6765,17
0.6775,13
0.6785,16
0.6795,15
0.6805,9
0.6815,14
0.6825,20
0.6835,15
0.6845,14
0.6855,13
0.6865,13
0.6875,19
0.6885,20
0.6895,20
0.6905,15
0.6915,18
0.6925,15
0.6935,20
0.6945,13
0.6955,12
0.6965,12
0.6975,15
0.6985,14
0.6995,15
0.7005,12
0.7015,15
0.7025,8
0.7035,15
0.7045,21
0.7055,13
0.7065,16
0.7075,5
0.7085,14
0.7095,16
0.7105,11
0.7115,12
0.7125,13
0.7135,10
0.7145,13
0.7155,13
0.7165,19
0.7175,13
0.7185,13
0.7195,11
0.7205,12
0.7215,11
0.7225,13
0.7235,12
0.7245,15
0.7255,15
0.7265,13
0.7275,13
0.7285,16
0.7295,13
0.7305,9
0.7315,16
0.7325,14
0.7335,13
0.7345,10
0.7355,14
0.7365,23
0.7375,13
0.7385,11
0.7395,14
0.7405,12
0.7415,9
0.7425,7
0.7435,7
0.7445,13
0.7455,13
0.7465,16
0.7475,12
0.7485,9
0.7495,18
0.7505,13
0.7515,7
0.7525,7
0.7535,15
0.7545,17
0.7555,10
0.7565,6
0.7575,12
0.7585,14
0.7595,13
0.7605,10
0.7615,10
0.7625,9
0.7635,12
0.7645,7
0.7655,15
0.7665,11
0.7675,13
0.7685,16
0.7695,10
0.7705,5
0.7715,14
0.7725,15
0.7735,11
0.7745,18
0.7755,10
0.7765,8
0.7775,11
0.7785,11
0.7795,9
0.7805,12
0.7815,9
0.7825,14
0.7835,13
0.7845,11
0.7855,10
0.7865,12
0.7875,13
0.7885,11
0.7895,9
0.7905,12
0.7915,6
0.7925,15
0.7935,6
0.7945,9
0.7955,8
0.7965,6
0.7975,9
0.7985,11
0.7995,13
0.8005,7
0.8015,14
0.8025,15
0.8035,10
0.8045,11
0.8055,7
0.8065,7
0.8075,14
0.8085,12
0.8095,6
0.8105,14
0.8115,17
0.8125,11
0.8135,9
0.8145,11
0.8155,6
0.8165,9
0.8175,9
0.8185,15
0.8195,10
0.8205,13
0.8215,9
0.8225,8
0.8235,10
0.8245,8
0.8255,13
0.8265,14
0.8275,7
0.8285,15
0.8295,13
0.8305,11
0.8315,5
0.8325,9
0.8335,12
0.8345,7
0.8355,10
0.8365,8
0.8375,9
0.8385,8
0.8395,7
0.8405,10
0.8415,7
0.8425,5
0.8435,5
0.8445,11
0.8455,6
0.8465,9
0.8475,7
0.8485,7
0.8495,9
0.8505,5
0.8515,4
0.8525,16
0.8535,7
0.8545,7
0.8555,7
0.8565,7
0.8575,12
0.8585,9
0.8595,11
0.8605,8
0.8615,9
0.8625,11
0.8635,8
0.8645,5
0.8655,9
0.8665,8
0.8675,17
0.8685,9
0.8695,9
0.8705,5
0.8715,7
0.8725,5
0.8735,6
0.8745,8
0.8755,11
0.8765,6
0.8775,9
0.8785,18
0.8795,14
0.8805,10
0.8815,9
0.8825,9
0.8835,8
0.8845,6
0.8855,7
0.8865,12
0.8875,9
0.8885,11
0.8895,9
0.8905,3
0.8915,9
0.8925,6
0.8935,6
0.8945,10
0.8955,6
0.8965,10
0.8975,14
0.8985,9
0.8995,8
0.9005,11
0.9015,4
0.9025,12
0.9035,11
0.9045,7
0.9055,9
0.9065,7
0.9075,7
0.9085,2
0.9095,6
0.9105,10
0.9115,9
0.9125,9
0.9135,9
0.9145,9
0.9155,9
0.9165,6
0.9175,5
0.9185,6
0.9195,9
0.9205,8
0.9215,5
0.9225,11
0.9235,9
0.9245,7
0.9255,4
0.9265,9
0.9275,9
0.9285,7
0.9295,10
0.9305,15
0.9315,3
0.9325,9
0.9335,7
0.9345,9
0.9355,12
0.9365,9
0.9375,8
0.9385,6
0.9395,5
0.9405,14
0.9415,8
0.9425,6
0.9435,6
0.9445,8
0.9455,5
0.9465,4
0.9475,7
0.9485,12
0.9495,7
0.9505,8
0.9515,4
0.9525,10
0.9535,6
0.9545,9
0.9555,7
0.9565,10
0.9575,7
0.9585,11
0.9595,10
0.9605,10
0.9615,4
0.9625,9
0.9635,6
0.9645,7
0.9655,10
0.9665,4
0.9675,10
0.9685,11
0.9695,9
0.9705,7
0.9715,12
0.9725,1
0.9735,9
0.9745,13
0.9755,7
0.9765,5
0.9775,4
0.9785,5
0.9795,3
0.9805,5
0.9815,10
0.9825,8
0.9835,7
0.9845,4
0.9855,6
0.9865,5
0.9875,4
0.9885,9
0.9895,4
0.9905,5
0.9915,5
0.9925,11
0.9935,14
0.9945,8
0.9955,4
0.9965,8
0.9975,9
0.9985,3
0.9995,6
1.0005,5
1.0015,8
1.0025,5
1.0035,6
1.0045,5
1.0055,7
1.0065,2
1.0075,8
1.0085,4
1.0095,8
1.0105,7
1.0115,5
1.0125,8
1.0135,4
1.0145,5
1.0155,6
1.0165,10
1.0175,8
1.0185,5
1.0195,3
1.0205,8
1.0215,3
1.0225,10
1.0235,7
1.0245,6
1.0255,9
1.0265,6
1.0275,3
1.0285,8
1.0295,3
1.0305,2
1.0315,11
1.0325,9
1.0335,5
1.0345,6
1.0355,7
1.0365,8
1.0375,7
1.0385,7
1.0395,5
1.0405,7
1.0415,5
1.0425,7
1.0435,4
1.0445,8
1.0455,6
1.0465,7
1.0475,10
1.0485,7
1.0495,5
1.0505,4
1.0515,5
1.0525,4
1.0535,12
1.0545,3
1.0555,7
1.0565,4
1.0575,12
1.0585,9
1.0595,12
1.0605,13
1.0615,6
1.0625,2
1.0635,7
1.0645,4
1.0655,5
1.0665,10
1.0675,3
1.0685,3
1.0695,5
1.0705,4
1.0715,3
1.0725,4
1.0735,3
1.0745,8
1.0755,4
1.0765,6
1.0775,6
1.0785,3
1.0795,8
1.0805,6
1.0815,6
1.0825,5
1.0835,5
1.0845,5
1.0855,5
1.0865,3
1.0875,7
1.0885,4
1.0895,6
1.0905,3
1.0915,6
1.0925,5
1.0935,4
1.0945,7
1.0955,5
1.0965,7
1.0975,6
1.0985,6
1.0995,4
1.1005,6
1.1015,5
1.1025,9
1.1035,6
1.1045,4
1.1055,7
1.1065,5
1.1075,8
1.1085,3
1.1095,3
1.1105,5
1.1115,1
1.1125,5
1.1135,4
1.1145,4
1.1155,4
1.1165,5
1.1175,6
1.1185,10
1.1195,1
1.1205,6
1.1215,4
1.1225,5
1.1235,4
1.1245,5
1.1255,2
1.1265,7
1.1275,4
1.1285,8
1.1295,1
1.1305,5
1.1315,3
1.1325,4
1.1335,8
1.1345,3
1.1355,1
1.1365,4
1.1375,11
1.1385,5
1.1395,6
1.1405,8
1.1415,8
1.1425,5
1.1435,3
1.1445,5
1.1455,1
1.1465,4
1.1475,9
1.1485,3
1.1495,5
1.1505,5
1.1515,2
1.1525,3
1.1535,5
1.1545,6
1.1555,1
1.1565,7
1.1575,4
1.1585,5
1.1595,7
1.1605,10
1.1615,5
1.1625,4
1.1635,4
1.1645,4
1.1655,7
1.1665,2
1.1675,1
1.1685,4
1.1695,9
1.1705,4
1.1715,5
1.1725,6
1.1735,3
1.1745,6
1.1755,7
1.1765,2
1.1775,2
1.1785,1
1.1795,2
1.1805,4
1.1815,7
1.1825,5
1.1835,5
1.1845,5
1.1855,11
1.1865,5
1.1875,5
1.1885,7
1.1895,2
1.1905,7
1.1915,9
1.1925,7
1.1935,4
1.1945,3
1.1955,4
1.1965,4
1.1975,5
1.1985,3
1.1995,2
1.2005,2
1.2015,3
1.2025,6
1.2035,1
1.2045,3
1.2055,4
1.2065,3
1.2075,2
1.2085,3
1.2095,4
1.2105,1
1.2115,4
1.2125,7
1.2135,2
1.2145,5
1.2155,6
1.2165,4
1.2175,2
1.2185,9
1.2195,2
1.2205,4
1.2215,5
1.2225,2
1.2235,4
1.2245,3
1.2255,8
1.2265,5
1.2275,4
1.2285,1
1.2295,1
1.2305,0
1.2315,3
1.2325,6
1.2335,1
1.2345,4
1.2355,1
1.2365,2
1.2375,4
1.2385,2
1.2395,2
1.2405,4
1.2415,6
1.2425,4
1.2435,6
1.2445,3
1.2455,3
1.2465,6
1.2475,3
1.2485,3
1.2495,0
1.2505,2
1.2515,3
1.2525,3
1.2535,0
1.2545,6
1.2555,3
1.2565,2
1.2575,5
1.2585,3
1.2595,6
1.2605,9
1.2615,3
1.2625,3
1.2635,5
1.2645,8
1.2655,4
1.2665,6
1.2675,2
1.2685,2
1.2695,0
1.2705,6
1.2715,7
1.2725,2
1.2735,7
1.2745,3
1.2755,3
1.2765,2
1.2775,4
1.2785,5
1.2795,3
1.2805,4
1.2815,3
1.2825,3
1.2835,6
1.2845,2
1.2855,4
1.2865,8
1.2875,4
1.2885,3
1.2895,2
1.2905,3
1.2915,7
1.2925,2
1.2935,5
1.2945,4
1.2955,0
1.2965,4
1.2975,7
1.2985,2
1.2995,3
1.3005,5
1.3015,9
1.3025,4
1.3035,3
1.3045,7
1.3055,3
1.3065,8
1.3075,5
1.3085,3
1.3095,4
1.3105,4
1.3115,5
1.3125,3
1.3135,2
1.3145,4
1.3155,5
1.3165,2
1.3175,7
1.3185,4
1.3195,5
1.3205,4
1.3215,3
1.3225,5
1.3235,4
1.3245,5
1.3255,1
1.3265,5
1.3275,4
1.3285,4
1.3295,5
1.3305,4
1.3315,4
1.3325,0
1.3335,5
1.3345,0
1.3355,2
1.3365,3
1.3375,2
1.3385,4
1.3395,3
1.3405,2
1.3415,2
1.3425,5
1.3435,2
1.3445,2
1.3455,1
1.3465,4
1.3475,3
1.3485,5
1.3495,5
1.3505,2
1.3515,4
1.3525,2
1.3535,4
1.3545,3
1.3555,2
1.3565,4
1.3575,5
1.3585,6
1.3595,3
1.3605,3
1.3615,3
1.3625,2
1.3635,5
1.3645,4
1.3655,5
1.3665,4
1.3675,4
1.3685,3
1.3695,2
1.3705,1
1.3715,3
1.3725,2
1.3735,6
1.3745,2
1.3755,6
1.3765,3
1.3775,1
1.3785,0
1.3795,3
1.3805,5
1.3815,1
1.3825,4
1.3835,0
1.3845,2
1.3855,1
1.3865,3
1.3875,4
1.3885,2
1.3895,0
1.3905,2
1.3915,7
1.3925,1
1.3935,3
1.3945,3
1.3955,7
1.3965,4
1.3975,3
1.3985,2
1.3995,3
1.4005,2
1.4015,6
1.4025,4
1.4035,3
1.4045,5
1.4055,1
1.4065,2
1.4075,3
1.4085,4
1.4095,3
1.4105,3
1.4115,5
1.4125,2
1.4135,5
1.4145,1
1.4155,4
1.4165,1
1.4175,4
1.4185,4
1.4195,6
1.4205,1
1.4215,5
1.4225,3
1.4235,1
1.4245,3
1.4255,4
1.4265,5
1.4275,1
1.4285,5
1.4295,4
1.4305,5
1.4315,2
1.4325,1
1.4335,2
1.4345,3
1.4355,2
1.4365,0
1.4375,3
1.4385,2
1.4395,1
1.4405,3
1.4415,1
1.4425,0
1.4435,3
1.4445,2
1.4455,3
1.4465,4
1.4475,3
1.4485,4
1.4495,2
1.4505,6
1.4515,0
1.4525,3
1.4535,2
1.4545,1
1.4555,5
1.4565,4
1.4575,3
1.4585,6
1.4595,0
1.4605,3
1.4615,1
1.4625,3
1.4635,5
1.4645,2
1.4655,2
1.4665,1
1.4675,2
1.4685,3
1.4695,2
1.4705,4
1.4715,1
1.4725,4
1.4735,4
1.4745,0
1.4755,3
1.4765,3
1.4775,4
1.4785,2
1.4795,5
1.4805,1
1.4815,2
1.4825,1
1.4835,5
1.4845,2
1.4855,1
1.4865,2
1.4875,4
1.4885,3
1.4895,1
1.4905,4
1.4915,3
1.4925,2
1.4935,2
1.4945,3
1.4955,4
1.4965,5
1.4975,4
1.4985,4
1.4995,2
1.5005,4
1.5015,2
1.5025,1
1.5035,5
1.5045,6
1.5055,3
1.5065,2
1.5075,2
1.5085,4
1.5095,5
1.5105,3
1.5115,2
1.5125,2
1.5135,3
1.5145,2
1.5155,3
1.5165,2
1.5175,0
1.5185,1
1.5195,1
1.5205,3
1.5215,4
1.5225,2
1.5235,3
1.5245,1
1.5255,3
1.5265,3
1.5275,4
1.5285,1
1.5295,3
1.5305,0
1.5315,0
1.5325,4
1.5335,1
1.5345,2
1.5355,2
1.5365,0
1.5375,2
1.5385,2
1.5395,1
1.5405,2
1.5415,2
1.5425,0
1.5435,1
1.5445,1
1.5455,2
1.5465,1
1.5475,3
1.5485,0
1.5495,1
1.5505,1
1.5515,1
1.5525,2
1.5535,1
1.5545,2
1.5555,4
1.5565,2
1.5575,3
1.5585,1
1.5595,0
1.5605,0
1.5615,3
1.5625,2
1.5635,0
1.5645,1
1.5655,2
1.5665,4
1.5675,2
1.5685,3
1.5695,2
1.5705,4
1.5715,3
1.5725,0
1.5735,2
1.5745,0
1.5755,2
1.5765,2
1.5775,1
1.5785,0
1.5795,1
1.5805,0
1.5815,3
1.5825,4
1.5835,1
1.5845,3
1.5855,2
1.5865,1
1.5875,3
1.5885,4
1.5895,1
1.5905,1
1.5915,2
1.5925,1
1.5935,1
1.5945,1
1.5955,0
1.5965,1
1.5975,2
1.5985,1
1.5995,2
1.6005,7
1.6015,2
1.6025,1
1.6035,2
1.6045,1
1.6055,3
1.6065,1
1.6075,2
1.6085,3
1.6095,1
1.6105,2
1.6115,5
1.6125,1
1.6135,0
1.6145,0
1.6155,1
1.6165,2
1.6175,3
1.6185,3
1.6195,0
1.6205,5
1.6215,2
1.6225,4
1.6235,3
1.6245,2
1.6255,2
1.6265,4
1.6275,1
1.6285,2
1.6295,2
1.6305,1
1.6315,0
1.6325,2
1.6335,2
1.6345,2
1.6355,1
1.6365,1
1.6375,1
1.6385,2
1.6395,2
1.6405,3
1.6415,0
1.6425,2
1.6435,2
1.6445,1
1.6455,2
1.6465,1
1.6475,3
1.6485,1
1.6495,5
1.6505,3
1.6515,2
1.6525,1
1.6535,0
1.6545,4
1.6555,4
1.6565,2
1.6575,4
1.6585,1
1.6595,3
1.6605,3
1.6615,0
1.6625,1
1.6635,3
1.6645,1
1.6655,0
1.6665,3
1.6675,1
1.6685,3
1.6695,1
1.6705,3
1.6715,3
1.6725,2
1.6735,4
1.6745,2
1.6755,0
1.6765,1
1.6775,0
1.6785,1
1.6795,4
1.6805,0
1.6815,0
1.6825,2
1.6835,4
1.6845,1
1.6855,0
1.6865,2
1.6875,3
1.6885,0
1.6895,1
1.6905,4
1.6915,3
1.6925,1
1.6935,0
1.6945,3
1.6955,0
1.6965,2
1.6975,3
1.6985,2
1.6995,3
1.7005,7
1.7015,0
1.7025,0
1.7035,1
1.7045,1
1.7055,0
1.7065,2
1.7075,2
1.7085,1
1.7095,2
1.7105,1
1.7115,4
1.7125,3
1.7135,0
1.7145,2
1.7155,2
1.7165,2
1.7175,1
1.7185,1
1.7195,4
1.7205,2
1.7215,2
1.7225,2
1.7235,2
1.7245,2
1.7255,3
1.7265,1
1.7275,1
1.7285,0
1.7295,3
1.7305,3
1.7315,4
1.7325,2
1.7335,0
1.7345,2
1.7355,1
1.7365,2
1.7375,1
1.7385,0
1.7395,1
1.7405,0
1.7415,1
1.7425,2
1.7435,0
1.7445,0
1.7455,7
1.7465,0
1.7475,2
1.7485,0
1.7495,1
1.7505,1
1.7515,0
1.7525,2
1.7535,3
1.7545,2
1.7555,1
1.7565,0
1.7575,1
1.7585,1
1.7595,2
1.7605,2
1.7615,1
1.7625,1
1.7635,0
1.7645,1
1.7655,1
1.7665,0
1.7675,1
1.7685,3
1.7695,2
1.7705,2
1.7715,1
1.7725,2
1.7735,1
1.7745,1
1.7755,1
1.7765,1
1.7775,1
1.7785,3
1.7795,2
1.7805,0
1.7815,3
1.7825,0
1.7835,1
1.7845,0
1.7855,1
1.7865,2
1.7875,1
1.7885,0
1.7895,0
1.7905,4
1.7915,1
1.7925,2
1.7935,1
1.7945,0
1.7955,0
1.7965,1
1.7975,3
1.7985,1
1.7995,1
1.8005,4
1.8015,0
1.8025,6
1.8035,2
1.8045,0
1.8055,1
1.8065,2
1.8075,2
1.8085,0
1.8095,1
1.8105,1
1.8115,2
1.8125,1
1.8135,1
1.8145,0
1.8155,1
1.8165,1
1.8175,1
1.8185,1
1.8195,2
1.8205,2
1.8215,2
1.8225,3
1.8235,2
1.8245,3
1.8255,1
1.8265,4
1.8275,1
1.8285,0
1.8295,2
1.8305,0
1.8315,0
1.8325,1
1.8335,2
1.8345,0
1.8355,0
1.8365,1
1.8375,2
1.8385,2
1.8395,1
1.8405,0
1.8415,2
1.8425,5
1.8435,1
1.8445,0
1.8455,1
1.8465,4
1.8475,2
1.8485,4
1.8495,1
1.8505,1
1.8515,0
1.8525,3
1.8535,1
1.8545,3
1.8555,1
1.8565,3
1.8575,1
1.8585,1
1.8595,2
1.8605,2
1.8615,3
1.8625,2
1.8635,2
1.8645,2
1.8655,1
1.8665,1
1.8675,1
1.8685,0
1.8695,1
1.8705,1
1.8715,2
1.8725,3
1.8735,2
1.8745,3
1.8755,2
1.8765,2
1.8775,0
1.8785,0
1.8795,1
1.8805,3
1.8815,0
1.8825,2
1.8835,2
1.8845,3
1.8855,0
1.8865,0
1.8875,1
1.8885,2
1.8895,1
1.8905,2
1.8915,1
1.8925,1
1.8935,0
1.8945,1
1.8955,2
1.8965,2
1.8975,1
1.8985,2
1.8995,2
1.9005,1
1.9015,1
1.9025,1
1.9035,1
1.9045,1
1.9055,1
1.9065,0
1.9075,1
1.9085,1
1.9095,2
1.9105,0
1.9115,0
1.9125,1
1.9135,0
1.9145,2
1.9155,1
1.9165,2
1.9175,0
1.9185,0
1.9195,0
1.9205,5
1.9215,1
1.9225,1
1.9235,2
1.9245,0
1.9255,1
1.9265,2
1.9275,1
1.9285,0
1.9295,0
1.9305,1
1.9315,0
1.9325,0
1.9335,2
1.9345,3
1.9355,1
1.9365,1
1.9375,2
1.9385,1
1.9395,1
1.9405,0
1.9415,1
1.9425,0
1.9435,1
1.9445,0
1.9455,3
1.9465,0
1.9475,2
1.9485,2
1.9495,2
1.9505,3
1.9515,0
1.9525,0
1.9535,1
1.9545,1
1.9555,1
1.9565,1
1.9575,2
1.9585,1
1.9595,1
1.9605,0
1.9615,0
1.9625,4
1.9635,0
1.9645,1
1.9655,1
1.9665,1
1.9675,1
1.9685,1
1.9695,2
1.9705,1
1.9715,2
1.9725,0
1.9735,0
1.9745,2
1.9755,1
1.9765,2
1.9775,1
1.9785,0
1.9795,1
1.9805,0
1.9815,2
1.9825,0
1.9835,0
1.9845,0
1.9855,1
1.9865,1
1.9875,0
1.9885,0
1.9895,3
1.9905,0
1.9915,2
1.9925,0
1.9935,1
1.9945,1
1.9955,2
1.9965,2
1.9975,0
1.9985,1
1.9995,0
2.0005,2
2.0015,2
2.0025,1
2.0035,0
2.0045,0
2.0055,0
2.0065,1
2.0075,0
2.0085,0
2.0095,1
2.0105,0
2.0115,1
2.0125,1
2.0135,0
2.0145,1
2.0155,2
2.0165,0
2.0175,0
2.0185,1
2.0195,1
2.0205,1
2.0215,0
2.0225,0
2.0235,1
2.0245,3
2.0255,0
2.0265,2
2.0275,2
2.0285,0
2.0295,0
2.0305,0
2.0315,1
2.0325,0
2.0335,0
2.0345,0
2.0355,1
2.0365,1
2.0375,3
2.0385,1
2.0395,1
2.0405,0
2.0415,0
2.0425,1
2.0435,0
2.0445,0
2.0455,0
2.0465,0
2.0475,2
2.0485,0
2.0495,3
2.0505,2
2.0515,1
2.0525,2
2.0535,1
2.0545,1
2.0555,0
2.0565,1
2.0575,0
2.0585,0
2.0595,1
2.0605,0
2.0615,2
2.0625,2
2.0635,0
2.0645,0
2.0655,0
2.0665,2
2.0675,2
2.0685,0
2.0695,2
2.0705,0
2.0715,1
2.0725,2
2.0735,2
2.0745,1
2.0755,1
2.0765,1
2.0775,2
2.0785,1
2.0795,2
2.0805,0
2.0815,3
2.0825,0
2.0835,1
2.0845,0
2.0855,1
2.0865,0
2.0875,2
2.0885,0
2.0895,3
2.0905,0
2.0915,2
2.0925,0
2.0935,0
2.0945,0
2.0955,0
2.0965,1
2.0975,1
2.0985,1
2.0995,0
2.1005,1
2.1015,1
2.1025,0
2.1035,0
2.1045,0
2.1055,0
2.1065,1
2.1075,1
2.1085,2
2.1095,2
2.1105,1
2.1115,2
2.1125,1
2.1135,1
2.1145,1
2.1155,2
2.1165,0
2.1175,1
2.1185,0
2.1195,1
2.1205,1
2.1215,0
2.1225,1
2.1235,1
2.1245,0
2.1255,0
2.1265,0
2.1275,1
2.1285,1
2.1295,0
2.1305,1
2.1315,1
2.1325,0
2.1335,1
2.1345,1
2.1355,1
2.1365,3
2.1375,0
2.1385,0
2.1395,1
2.1405,2
2.1415,1
2.1425,2
2.1435,1
2.1445,2
2.1455,0
2.1465,2
2.1475,1
2.1485,2
2.1495,2
2.1505,0
2.1515,2
2.1525,0
2.1535,1
2.1545,2
2.1555,0
2.1565,1
2.1575,1
2.1585,0
2.1595,1
2.1605,1
2.1615,2
2.1625,0
2.1635,0
2.1645,0
2.1655,0
2.1665,3
2.1675,1
2.1685,1
2.1695,2
2.1705,0
2.1715,1
2.1725,0
2.1735,2
2.1745,1
2.1755,1
2.1765,2
2.1775,2
2.1785,2
2.1795,1
2.1805,2
2.1815,0
2.1825,1
2.1835,1
2.1845,1
2.1855,0
2.1865,0
2.1875,1
2.1885,2
2.1895,0
2.1905,0
2.1915,1
2.1925,1
2.1935,0
2.1945,0
2.1955,0
2.1965,0
2.1975,0
2.1985,2
2.1995,0
2.2005,2
2.2015,0
2.2025,0
2.2035,2
2.2045,0
2.2055,0
2.2065,0
2.2075,0
2.2085,1
2.2095,0
2.2105,0
2.2115,0
2.2125,0
2.2135,3
2.2145,3
2.2155,1
2.2165,1
2.2175,1
2.2185,1
2.2195,1
2.2205,0
2.2215,0
2.2225,1
2.2235,1
2.2245,1
2.2255,0
2.2265,0
2.2275,1
2.2285,1
2.2295,0
2.2305,0
2.2315,0
2.2325,0
2.2335,0
2.2345,2
2.2355,0
2.2365,0
2.2375,1
2.2385,0
2.2395,0
2.2405,1
2.2415,0
2.2425,0
2.2435,0
2.2445,0
2.2455,0
2.2465,0
2.2475,2
2.2485,0
2.2495,0
2.2505,0
2.2515,2
2.2525,0
2.2535,0
2.2545,0
2.2555,2
2.2565,2
2.2575,1
2.2585,1
2.2595,0
2.2605,1
2.2615,1
2.2625,0
2.2635,0
2.2645,0
2.2655,1
2.2665,1
2.2675,0
2.2685,0
2.2695,0
2.2705,1
2.2715,0
2.2725,1
2.2735,1
2.2745,1
2.2755,1
2.2765,1
2.2775,1
2.2785,0
2.2795,0
2.2805,1
2.2815,0
2.2825,1
2.2835,2
2.2845,0
2.2855,1
2.2865,0
2.2875,0
2.2885,0
2.2895,1
2.2905,1
2.2915,0
2.2925,1
2.2935,0
2.2945,1
2.2955,0
2.2965,1
2.2975,0
2.2985,0
2.2995,1
2.3005,0
2.3015,0
2.3025,0
2.3035,1
2.3045,1
2.3055,1
2.3065,0
2.3075,2
2.3085,1
2.3095,1
2.3105,0
2.3115,0
2.3125,2
2.3135,0
2.3145,0
2.3155,0
2.3165,0
2.3175,0
2.3185,0
2.3195,1
2.3205,0
2.3215,1
2.3225,0
2.3235,2
2.3245,1
2.3255,0
2.3265,1
2.3275,2
2.3285,1
2.3295,0
2.3305,1
2.3315,0
2.3325,1
2.3335,1
2.3345,0
2.3355,0
2.3365,0
2.3375,0
2.3385,1
2.3395,0
2.3405,0
2.3415,1
2.3425,0
2.3435,0
2.3445,0
2.3455,1
2.3465,1
2.3475,1
2.3485,0
2.3495,0
2.3505,2
2.3515,0
2.3525,0
2.3535,0
2.3545,0
2.3555,0
2.3565,0
2.3575,0
2.3585,0
2.3595,0
2.3605,0
2.3615,0
2.3625,0
2.3635,0
2.3645,0
2.3655,0
2.3665,1
2.3675,0
2.3685,0
2.3695,0
2.3705,0
2.3715,0
2.3725,0
2.3735,0
2.3745,0
2.3755,0
2.3765,0
2.3775,0
2.3785,1
2.3795,0
2.3805,0
2.3815,2
2.3825,1
2.3835,0
2.3845,2
2.3855,2
2.3865,0
2.3875,0
2.3885,2
2.3895,0
2.3905,1
2.3915,0
2.3925,0
2.3935,1
2.3945,0
2.3955,1
2.3965,0
2.3975,0
2.3985,1
2.3995,0
2.4005,0
2.4015,2
2.4025,0
2.4035,0
2.4045,0
2.4055,2
2.4065,0
2.4075,0
2.4085,0
2.4095,0
2.4105,1
2.4115,1
2.4125,1
2.4135,1
2.4145,1
2.4155,0
2.4165,1
2.4175,0
2.4185,0
2.4195,0
2.4205,0
2.4215,0
2.4225,1
2.4235,0
2.4245,0
2.4255,0
2.4265,1
2.4275,0
2.4285,1
2.4295,0
2.4305,1
2.4315,2
2.4325,1
2.4335,0
2.4345,0
2.4355,2
2.4365,0
2.4375,0
2.4385,0
2.4395,0
2.4405,2
2.4415,0
2.4425,0
2.4435,1
2.4445,0
2.4455,3
2.4465,1
2.4475,1
2.4485,0
2.4495,0
2.4505,2
2.4515,0
2.4525,0
2.4535,1
2.4545,0
2.4555,0
2.4565,0
2.4575,1
2.4585,0
2.4595,1
2.4605,1
2.4615,2
2.4625,0
2.4635,0
2.4645,0
2.4655,0
2.4665,1
2.4675,0
2.4685,0
2.4695,1
2.4705,0
2.4715,1
2.4725,1
2.4735,3
2.4745,1
2.4755,0
2.4765,0
2.4775,1
2.4785,0
2.4795,1
2.4805,0
2.4815,1
2.4825,0
2.4835,1
2.4845,1
2.4855,1
2.4865,0
2.4875,0
2.4885,1
2.4895,0
2.4905,0
2.4915,0
2.4925,1
2.4935,1
2.4945,0
2.4955,0
2.4965,0
2.4975,0
2.4985,0
2.4995,0
2.5005,0
2.5015,0
2.5025,0
2.5035,0
2.5045,2
2.5055,1
2.5065,0
2.5075,0
2.5085,0
2.5095,1
2.5105,0
2.5115,0
2.5125,1
2.5135,0
2.5145,0
2.5155,0
2.5165,3
2.5175,0
2.5185,0
2.5195,2
2.5205,0
2.5215,1
2.5225,0
2.5235,0
2.5245,0
2.5255,2
2.5265,1
2.5275,0
2.5285,0
2.5295,0
2.5305,1
2.5315,1
2.5325,0
2.5335,0
2.5345,0
2.5355,0
2.5365,0
2.5375,0
2.5385,1
2.5395,0
2.5405,0
2.5415,2
2.5425,0
2.5435,0
2.5445,0
2.5455,0
2.5465,1
2.5475,0
2.5485,1
2.5495,0
2.5505,0
2.5515,1
2.5525,0
2.5535,0
2.5545,0
2.5555,0
2.5565,0
2.5575,1
2.5585,1
2.5595,1
2.5605,0
2.5615,1
2.5625,0
2.5635,1
2.5645,0
2.5655,0
2.5665,0
2.5675,0
2.5685,0
2.5695,0
2.5705,1
2.5715,0
2.5725,0
2.5735,1
2.5745,0
2.5755,0
2.5765,0
2.5775,0
2.5785,0
2.5795,0
2.5805,0
2.5815,0
2.5825,0
2.5835,0
2.5845,0
2.5855,0
2.5865,0
2.5875,1
2.5885,0
2.5895,0
2.5905,0
2.5915,0
2.5925,0
2.5935,0
2.5945,0
2.5955,0
2.5965,0
2.5975,0
2.5985,1
2.5995,1
2.6005,0
2.6015,2
2.6025,1
2.6035,0
2.6045,0
2.6055,0
2.6065,1
2.6075,0
2.6085,0
2.6095,2
2.6105,0
2.6115,1
2.6125,0
2.6135,0
2.6145,0
2.6155,1
2.6165,1
2.6175,0
2.6185,0
2.6195,0
2.6205,0
2.6215,0
2.6225,0
2.6235,1
2.6245,1
2.6255,1
2.6265,0
2.6275,0
2.6285,0
2.6295,0
2.6305,0
2.6315,1
2.6325,0
2.6335,0
2.6345,0
2.6355,0
2.6365,0
2.6375,0
2.6385,0
2.6395,0
2.6405,0
2.6415,0
2.6425,0
2.6435,0
2.6445,0
2.6455,0
2.6465,0
2.6475,0
2.6485,0
2.6495,0
2.6505,0
2.6515,0
2.6525,1
2.6535,0
2.6545,0
2.6555,1
2.6565,0
2.6575,1
2.6585,0
2.6595,1
2.6605,1
2.6615,0
2.6625,0
2.6635,0
2.6645,0
2.6655,0
2.6665,0
2.6675,0
2.6685,0
2.6695,0
2.6705,0
2.6715,0
2.6725,1
2.6735,0
2.6745,1
2.6755,1
2.6765,1
2.6775,1
2.6785,0
2.6795,0
2.6805,0
2.6815,0
2.6825,1
2.6835,0
2.6845,1
2.6855,2
2.6865,0
2.6875,0
2.6885,0
2.6895,0
2.6905,0
2.6915,0
2.6925,0
2.6935,1
2.6945,0
2.6955,1
2.6965,0
2.6975,1
2.6985,0
2.6995,1
2.7005,0
2.7015,0
2.7025,0
2.7035,0
2.7045,0
2.7055,0
2.7065,0
2.7075,1
2.7085,0
2.7095,1
2.7105,0
2.7115,0
2.7125,0
2.7135,0
2.7145,1
2.7155,0
2.7165,1
2.7175,0
2.7185,1
2.7195,1
2.7205,0
2.7215,1
2.7225,0
2.7235,1
2.7245,0
2.7255,0
2.7265,0
2.7275,0
2.7285,1
2.7295,1
2.7305,1
2.7315,0
2.7325,1
2.7335,1
2.7345,0
2.7355,1
2.7365,0
2.7375,0
2.7385,0
2.7395,0
2.7405,0
2.7415,0
2.7425,0
2.7435,0
2.7445,2
2.7455,0
2.7465,0
2.7475,0
2.7485,0
2.7495,0
2.7505,0
2.7515,0
2.7525,0
2.7535,0
2.7545,2
2.7555,0
2.7565,1
2.7575,0
2.7585,0
2.7595,0
2.7605,0
2.7615,0
2.7625,0
2.7635,0
2.7645,1
2.7655,0
2.7665,0
2.7675,0
2.7685,1
2.7695,0
2.7705,0
2.7715,0
2.7725,0
2.7735,1
2.7745,0
2.7755,0
2.7765,0
2.7775,0
2.7785,0
2.7795,0
2.7805,0
2.7815,0
2.7825,1
2.7835,0
2.7845,1
2.7855,0
2.7865,0
2.7875,0
2.7885,1
2.7895,0
2.7905,0
2.7915,0
2.7925,0
2.7935,0
2.7945,0
2.7955,0
2.7965,0
2.7975,0
2.7985,0
2.7995,0
2.8005,0
2.8015,0
2.8025,0
2.8035,0
2.8045,0
2.8055,2
2.8065,0
2.8075,1
2.8085,1
2.8095,0
2.8105,0
2.8115,0
2.8125,0
2.8135,0
2.8145,0
2.8155,0
2.8165,0
2.8175,0
2.8185,0
2.8195,1
2.8205,0
2.8215,1
2.8225,1
2.8235,1
2.8245,0
2.8255,0
2.8265,1
2.8275,0
2.8285,1
2.8295,0
2.8305,0
2.8315,0
2.8325,0
2.8335,1
2.8345,0
2.8355,0
2.8365,0
2.8375,0
2.8385,0
2.8395,1
2.8405,0
2.8415,1
2.8425,0
2.8435,0
2.8445,1
2.8455,0
2.8465,0
2.8475,1
2.8485,0
2.8495,0
2.8505,1
2.8515,0
2.8525,1
2.8535,0
2.8545,0
2.8555,1
2.8565,0
2.8575,0
2.8585,0
2.8595,0
2.8605,0
2.8615,0
2.8625,0
2.8635,0
2.8645,0
2.8655,0
2.8665,0
2.8675,1
2.8685,0
2.8695,0
2.8705,0
2.8715,0
2.8725,0
2.8735,0
2.8745,0
2.8755,0
2.8765,0
2.8775,1
2.8785,1
2.8795,0
2.8805,0
2.8815,0
2.8825,0
2.8835,0
2.8845,0
2.8855,0
2.8865,0
2.8875,0
2.8885,0
2.8895,0
2.8905,0
2.8915,0
2.8925,0
2.8935,0
2.8945,0
2.8955,0
2.8965,0
2.8975,0
2.8985,0
2.8995,0
2.9005,0
2.9015,0
2.9025,0
2.9035,0
2.9045,0
2.9055,0
2.9065,0
2.9075,0
2.9085,0
2.9095,0
2.9105,0
2.9115,1
2.9125,0
2.9135,0
2.9145,0
2.9155,0
2.9165,0
2.9175,0
2.9185,0
2.9195,0
2.9205,1
2.9215,0
2.9225,2
2.9235,0
2.9245,0
2.9255,0
2.9265,0
2.9275,0
2.9285,0
2.9295,0
2.9305,0
2.9315,0
2.9325,2
2.9335,0
2.9345,0
2.9355,0
2.9365,0
2.9375,0
2.9385,1
2.9395,0
2.9405,0
2.9415,0
2.9425,0
2.9435,0
2.9445,0
2.9455,0
2.9465,0
2.9475,0
2.9485,0
2.9495,0
2.9505,0
2.9515,0
2.9525,0
2.9535,0
2.9545,0
2.9555,0
2.9565,0
2.9575,0
2.9585,1
2.9595,0
2.9605,0
2.9615,0
2.9625,0
2.9635,0
2.9645,0
2.9655,0
2.9665,0
2.9675,0
2.9685,0
2.9695,0
2.9705,0
2.9715,0
2.9725,0
2.9735,1
2.9745,0
2.9755,0
2.9765,0
2.9775,0
2.9785,0
2.9795,1
2.9805,0
2.9815,0
2.9825,0
2.9835,0
2.9845,0
2.9855,0
2.9865,1
2.9875,0
2.9885,0
2.9895,0
2.9905,0
2.9915,1
2.9925,0
2.9935,0
2.9945,0
2.9955,0
2.9965,0
2.9975,0
2.9985,0
2.9995,0
3.0005,0
3.0015,0
3.0025,0
3.0035,0
3.0045,0
3.0055,0
3.0065,0
3.0075,0
3.0085,0
3.0095,0
3.0105,0
3.0115,0
3.0125,0
3.0135,0
3.0145,0
3.0155,0
3.0165,0
3.0175,1
3.0185,0
3.0195,0
3.0205,0
3.0215,0
3.0225,0
3.0235,0
3.0245,0
3.0255,0
3.0265,0
3.0275,0
3.0285,1
3.0295,0
3.0305,0
3.0315,0
3.0325,0
3.0335,0
3.0345,0
3.0355,0
3.0365,0
3.0375,0
3.0385,0
3.0395,1
3.0405,0
3.0415,0
3.0425,1
3.0435,0
3.0445,0
3.0455,1
3.0465,1
3.0475,0
3.0485,0
3.0495,0
3.0505,0
3.0515,1
3.0525,0
3.0535,0
3.0545,0
3.0555,0
3.0565,0
3.0575,0
3.0585,0
3.0595,0
3.0605,0
3.0615,0
3.0625,0
3.0635,0
3.0645,0
3.0655,0
3.0665,0
3.0675,0
3.0685,0
3.0695,0
3.0705,0
3.0715,0
3.0725,0
3.0735,0
3.0745,0
3.0755,0
3.0765,0
3.0775,1
3.0785,0
3.0795,1
3.0805,0
3.0815,0
3.0825,0
3.0835,0
3.0845,0
3.0855,0
3.0865,0
3.0875,0
3.0885,0
3.0895,0
3.0905,0
3.0915,0
3.0925,0
3.0935,1
3.0945,0
3.0955,0
3.0965,2
3.0975,1
3.0985,0
3.0995,0
3.1005,1
3.1015,0
3.1025,0
3.1035,0
3.1045,0
3.1055,0
3.1065,0
3.1075,0
3.1085,0
3.1095,0
3.1105,0
3.1115,0
3.1125,0
3.1135,0
3.1145,0
3.1155,0
3.1165,1
3.1175,0
3.1185,0
3.1195,0
3.1205,0
3.1215,0
3.1225,0
3.1235,0
3.1245,0
3.1255,0
3.1265,0
3.1275,0
3.1285,0
3.1295,0
3.1305,0
3.1315,0
3.1325,0
3.1335,0
3.1345,0
3.1355,0
3.1365,0
3.1375,0
3.1385,1
3.1395,0
3.1405,1
3.1415,0
3.1425,0
3.1435,0
3.1445,0
3.1455,0
3.1465,0
3.1475,0
3.1485,1
3.1495,0
3.1505,0
3.1515,0
3.1525,0
3.1535,0
3.1545,0
3.1555,0
3.1565,0
3.1575,0
3.1585,0
3.1595,0
3.1605,0
3.1615,0
3.1625,0
3.1635,0
3.1645,0
3.1655,0
3.1665,0
3.1675,0
3.1685,0
3.1695,0
3.1705,0
3.1715,0
3.1725,0
3.1735,0
3.1745,0
3.1755,1
3.1765,0
3.1775,0
3.1785,0
3.1795,0
3.1805,0
3.1815,0
3.1825,0
3.1835,0
3.1845,0
3.1855,0
3.1865,0
3.1875,0
3.1885,0
3.1895,0
3.1905,0
3.1915,1
3.1925,1
3.1935,0
3.1945,0
3.1955,0
3.1965,0
3.1975,0
3.1985,0
3.1995,0
3.2005,0
3.2015,0
3.2025,0
3.2035,0
3.2045,0
3.2055,0
3.2065,1
3.2075,0
3.2085,0
3.2095,0
3.2105,1
3.2115,0
3.2125,0
3.2135,0
3.2145,0
3.2155,0
3.2165,0
3.2175,0
3.2185,1
3.2195,0
3.2205,0
3.2215,1
3.2225,1
3.2235,0
3.2245,0
3.2255,0
3.2265,0
3.2275,0
3.2285,0
3.2295,1
3.2305,0
3.2315,0
3.2325,0
3.2335,0
3.2345,0
3.2355,0
3.2365,0
3.2375,0
3.2385,0
3.2395,0
3.2405,0
3.2415,0
3.2425,0
3.2435,0
3.2445,0
3.2455,0
3.2465,1
3.2475,1
3.2485,0
3.2495,0
3.2505,0
3.2515,0
3.2525,0
3.2535,0
3.2545,0
3.2555,0
3.2565,1
3.2575,0
3.2585,0
3.2595,0
3.2605,0
3.2615,0
3.2625,0
3.2635,0
3.2645,0
3.2655,0
3.2665,0
3.2675,0
3.2685,1
3.2695,0
3.2705,0
3.2715,1
3.2725,0
3.2735,1
3.2745,0
3.2755,0
3.2765,0
3.2775,0
3.2785,0
3.2795,0
3.2805,0
3.2815,0
3.2825,0
3.2835,0
3.2845,0
3.2855,0
3.2865,0
3.2875,0
3.2885,0
3.2895,0
3.2905,0
3.2915,0
3.2925,0
3.2935,0
3.2945,0
3.2955,0
3.2965,0
3.2975,0
3.2985,0
3.2995,0
3.3005,0
3.3015,0
3.3025,0
3.3035,1
3.3045,0
3.3055,0
3.3065,0
3.3075,0
3.3085,0
3.3095,1
3.3105,0
3.3115,0
3.3125,0
3.3135,0
3.3145,0
3.3155,0
3.3165,0
3.3175,0
3.3185,1
3.3195,0
3.3205,0
3.3215,0
3.3225,0
3.3235,1
3.3245,0
3.3255,0
3.3265,0
3.3275,0
3.3285,0
3.3295,0
3.3305,0
3.3315,0
3.3325,0
3.3335,0
3.3345,1
3.3355,0
3.3365,0
3.3375,1
3.3385,0
3.3395,0
3.3405,0
3.3415,0
3.3425,0
3.3435,1
3.3445,0
3.3455,0
3.3465,0
3.3475,0
3.3485,0
3.3495,0
3.3505,0
3.3515,0
3.3525,0
3.3535,0
3.3545,0
3.3555,0
3.3565,0
3.3575,0
3.3585,0
3.3595,0
3.3605,0
3.3615,0
3.3625,0
3.3635,0
3.3645,0
3.3655,0
3.3665,0
3.3675,0
3.3685,0
3.3695,1
3.3705,0
3.3715,0
3.3725,0
3.3735,0
3.3745,0
3.3755,0
3.3765,0
3.3775,0
3.3785,0
3.3795,0
3.3805,0
3.3815,0
3.3825,0
3.3835,0
3.3845,0
3.3855,0
3.3865,0
3.3875,0
3.3885,0
3.3895,0
3.3905,0
3.3915,0
3.3925,0
3.3935,0
3.3945,0
3.3955,0
3.3965,1
3.3975,0
3.3985,1
3.3995,0
3.4005,0
3.4015,0
3.4025,0
3.4035,0
3.4045,0
3.4055,0
3.4065,0
3.4075,0
3.4085,0
3.4095,0
3.4105,0
3.4115,0
3.4125,0
3.4135,0
3.4145,0
3.4155,0
3.4165,0
3.4175,0
3.4185,0
3.4195,0
3.4205,0
3.4215,0
3.4225,0
3.4235,0
3.4245,0
3.4255,0
3.4265,0
3.4275,0
3.4285,0
3.4295,0
3.4305,0
3.4315,0
3.4325,0
3.4335,0
3.4345,0
3.4355,0
3.4365,0
3.4375,0
3.4385,0
3.4395,0
3.4405,0
3.4415,1
3.4425,0
3.4435,0
3.4445,0
3.4455,0
3.4465,0
3.4475,0
3.4485,0
3.4495,0
3.4505,0
3.4515,0
3.4525,0
3.4535,0
3.4545,1
3.4555,0
3.4565,0
3.4575,0
3.4585,0
3.4595,0
3.4605,0
3.4615,0
3.4625,0
3.4635,0
3.4645,0
3.4655,0
3.4665,0
3.4675,0
3.4685,0
3.4695,0
3.4705,0
3.4715,0
3.4725,0
3.4735,0
3.4745,0
3.4755,0
3.4765,0
3.4775,0
3.4785,0
3.4795,1
3.4805,0
3.4815,0
3.4825,0
3.4835,0
3.4845,0
3.4855,0
3.4865,0
3.4875,0
3.4885,0
3.4895,0
3.4905,0
3.4915,0
3.4925,0
3.4935,0
3.4945,0
3.4955,0
3.4965,0
3.4975,1
3.4985,0
3.4995,0
3.5005,0
3.5015,0
3.5025,0
3.5035,0
3.5045,0
3.5055,0
3.5065,0
3.5075,0
3.5085,0
3.5095,0
3.5105,0
3.5115,0
3.5125,0
3.5135,0
3.5145,0
3.5155,0
3.5165,0
3.5175,0
3.5185,0
3.5195,0
3.5205,0
3.5215,0
3.5225,0
3.5235,0
3.5245,0
3.5255,0
3.5265,0
3.5275,0
3.5285,0
3.5295,0
3.5305,0
3.5315,0
3.5325,0
3.5335,0
3.5345,0
3.5355,0
3.5365,0
3.5375,0
3.5385,0
3.5395,0
3.5405,0
3.5415,0
3.5425,0
3.5435,0
3.5445,0
3.5455,0
3.5465,0
3.5475,0
3.5485,0
3.5495,0
3.5505,0
3.5515,0
3.5525,0
3.5535,0
3.5545,0
3.5555,0
3.5565,0
3.5575,0
3.5585,0
3.5595,0
3.5605,0
3.5615,0
3.5625,0
3.5635,0
3.5645,0
3.5655,0
3.5665,0
3.5675,0
3.5685,1
3.5695,0
3.5705,0
3.5715,0
3.5725,0
3.5735,0
3.5745,0
3.5755,0
3.5765,0
3.5775,0
3.5785,0
3.5795,0
3.5805,0
3.5815,0
3.5825,0
3.5835,0
3.5845,0
3.5855,0
3.5865,0
3.5875,0
3.5885,0
3.5895,0
3.5905,0
3.5915,0
3.5925,0
3.5935,0
3.5945,0
3.5955,0
3.5965,0
3.5975,0
3.5985,1
3.5995,0
3.6005,0
3.6015,0
3.6025,0
3.6035,0
3.6045,0
3.6055,0
3.6065,0
3.6075,0
3.6085,0
3.6095,0
3.6105,0
3.6115,0
3.6125,0
3.6135,0
3.6145,0
3.6155,0
3.6165,0
3.6175,0
3.6185,0
3.6195,0
3.6205,0
3.6215,0
3.6225,0
3.6235,0
3.6245,0
3.6255,0
3.6265,0
3.6275,0
3.6285,0
3.6295,0
3.6305,0
3.6315,0
3.6325,0
3.6335,0
3.6345,1
3.6355,0
3.6365,0
3.6375,0
3.6385,0
3.6395,0
3.6405,0
3.6415,0
3.6425,0
3.6435,0
3.6445,0
3.6455,0
3.6465,0
3.6475,0
3.6485,0
3.6495,0
3.6505,0
3.6515,0
3.6525,0
3.6535,0
3.6545,0
3.6555,0
3.6565,0
3.6575,0
3.6585,0
3.6595,1
3.6605,0
3.6615,0
3.6625,0
3.6635,0
3.6645,0
3.6655,0
3.6665,0
3.6675,0
3.6685,0
3.6695,0
3.6705,0
3.6715,0
3.6725,0
3.6735,0
3.6745,0
3.6755,0
3.6765,0
3.6775,0
3.6785,0
3.6795,0
3.6805,0
3.6815,0
3.6825,0
3.6835,0
3.6845,0
3.6855,0
3.6865,0
3.6875,0
3.6885,0
3.6895,0
3.6905,0
3.6915,0
3.6925,0
3.6935,0
3.6945,0
3.6955,1
3.6965,0
3.6975,0
3.6985,0
3.6995,0
3.7005,0
3.7015,0
3.7025,0
3.7035,0
3.7045,0
3.7055,0
3.7065,0
3.7075,0
3.7085,0
3.7095,0
3.7105,0
3.7115,0
3.7125,0
3.7135,0
3.7145,0
3.7155,0
3.7165,0
3.7175,0
3.7185,0
3.7195,0
3.7205,0
3.7215,0
3.7225,0
3.7235,0
3.7245,0
3.7255,0
3.7265,0
3.7275,0
3.7285,0
3.7295,0
3.7305,0
3.7315,0
3.7325,0
3.7335,0
3.7345,0
3.7355,0
3.7365,0
3.7375,0
3.7385,0
3.7395,0
3.7405,0
3.7415,0
3.7425,0
3.7435,0
3.7445,0
3.7455,0
3.7465,0
3.7475,1
3.7485,0
3.7495,0
3.7505,0
3.7515,0
3.7525,0
3.7535,0
3.7545,0
3.7555,0
3.7565,0
3.7575,0
3.7585,0
3.7595,0
3.7605,0
3.7615,0
3.7625,0
3.7635,0
3.7645,0
3.7655,0
3.7665,0
3.7675,0
3.7685,0
3.7695,0
3.7705,0
3.7715,0
3.7725,0
3.7735,0
3.7745,0
3.7755,0
3.7765,0
3.7775,0
3.7785,0
3.7795,0
3.7805,0
3.7815,0
3.7825,0
3.7835,0
3.7845,0
3.7855,0
3.7865,0
3.7875,0
3.7885,0
3.7895,0
3.7905,0
3.7915,0
3.7925,0
3.7935,0
3.7945,0
3.7955,0
3.7965,0
3.7975,0
3.7985,0
3.7995,0
3.8005,0
3.8015,0
3.8025,0
3.8035,0
3.8045,0
3.8055,0
3.8065,0
3.8075,0
3.8085,0
3.8095,0
3.8105,0
3.8115,0
3.8125,0
3.8135,0
3.8145,0
3.8155,0
3.8165,0
3.8175,0
3.8185,0
3.8195,0
3.8205,0
3.8215,0
3.8225,0
3.8235,0
3.8245,0
3.8255,0
3.8265,0
3.8275,0
3.8285,0
3.8295,0
3.8305,0
3.8315,0
3.8325,0
3.8335,0
3.8345,0
3.8355,0
3.8365,0
3.8375,0
3.8385,0
3.8395,0
3.8405,0
3.8415,0
3.8425,0
3.8435,0
3.8445,0
3.8455,0
3.8465,0
3.8475,0
3.8485,0
3.8495,0
3.8505,0
3.8515,0
3.8525,0
3.8535,0
3.8545,0
3.8555,0
3.8565,0
3.8575,0
3.8585,0
3.8595,0
3.8605,0
3.8615,0
3.8625,0
3.8635,0
3.8645,0
3.8655,0
3.8665,1
3.8675,0
3.8685,0
3.8695,0
3.8705,0
3.8715,0
3.8725,0
3.8735,0
3.8745,0
3.8755,0
3.8765,0
3.8775,0
3.8785,0
3.8795,0
3.8805,0
3.8815,0
3.8825,0
3.8835,0
3.8845,0
3.8855,0
3.8865,0
3.8875,0
3.8885,0
3.8895,0
3.8905,0
3.8915,0
3.8925,0
3.8935,0
3.8945,0
3.8955,0
3.8965,0
3.8975,0
3.8985,0
3.8995,0
3.9005,0
3.9015,0
3.9025,0
3.9035,0
3.9045,0
3.9055,0
3.9065,0
3.9075,0
3.9085,0
3.9095,0
3.9105,0
3.9115,0
3.9125,0
3.9135,0
3.9145,0
3.9155,0
3.9165,0
3.9175,0
3.9185,0
3.9195,0
3.9205,0
3.9215,0
3.9225,0
3.9235,0
3.9245,0
3.9255,0
3.9265,0
3.9275,0
3.9285,0
3.9295,0
3.9305,0
3.9315,0
3.9325,0
3.9335,0
3.9345,0
3.9355,0
3.9365,0
3.9375,0
3.9385,0
3.9395,0
3.9405,0
3.9415,0
3.9425,0
3.9435,0
3.9445,0
3.9455,0
3.9465,0
3.9475,0
3.9485,0
3.9495,0
3.9505,0
3.9515,0
3.9525,0
3.9535,0
3.9545,0
3.9555,0
3.9565,0
3.9575,0
3.9585,0
3.9595,0
3.9605,0
3.9615,0
3.9625,0
3.9635,0
3.9645,0
3.9655,0
3.9665,0
3.9675,0
3.9685,0
3.9695,0
3.9705,0
3.9715,0
3.9725,0
3.9735,0
3.9745,0
3.9755,0
3.9765,0
3.9775,0
3.9785,0
3.9795,0
3.9805,0
3.9815,0
3.9825,0
3.9835,0
3.9845,0
3.9855,0
3.9865,0
3.9875,0
3.9885,0
3.9895,0
3.9905,0
3.9915,0
3.9925,0
3.9935,0
3.9945,0
3.9955,0
3.9965,0
3.9975,0
3.9985,0
3.9995,0
4.0005,0
4.0015,0
4.0025,0
4.0035,0
4.0045,0
4.0055,0
4.0065,0
4.0075,0
4.0085,0
4.0095,0
4.0105,0
4.0115,0
4.0125,0
4.0135,0
4.0145,0
4.0155,0
4.0165,0
4.0175,0
4.0185,0
4.0195,0
4.0205,0
4.0215,0
4.0225,0
4.0235,0
4.0245,0
4.0255,0
4.0265,0
4.0275,0
4.0285,0
4.0295,0
4.0305,0
4.0315,0
4.0325,0
4.0335,0
4.0345,0
4.0355,0
4.0365,0
4.0375,0
4.0385,0
4.0395,0
4.0405,0
4.0415,0
4.0425,0
4.0435,0
4.0445,0
4.0455,0
4.0465,0
4.0475,0
4.0485,0
4.0495,0
4.0505,0
4.0515,0
4.0525,0
4.0535,0
4.0545,0
4.0555,0
4.0565,0
4.0575,0
4.0585,0
4.0595,0
4.0605,0
4.0615,0
4.0625,0
4.0635,0
4.0645,0
4.0655,0
4.0665,0
4.0675,0
4.0685,0
4.0695,0
4.0705,0
4.0715,0
4.0725,0
4.0735,0
4.0745,0
4.0755,0
4.0765,0
4.0775,0
4.0785,0
4.0795,0
4.0805,0
4.0815,0
4.0825,0
4.0835,0
4.0845,0
4.0855,0
4.0865,0
4.0875,0
4.0885,0
4.0895,0
4.0905,0
4.0915,0
4.0925,0
4.0935,0
4.0945,0
4.0955,0
4.0965,0
4.0975,0
4.0985,0
4.0995,0
4.1005,0
4.1015,0
4.1025,0
4.1035,0
4.1045,0
4.1055,0
4.1065,0
4.1075,0
4.1085,0
4.1095,0
4.1105,0
4.1115,0
4.1125,0
4.1135,0
4.1145,0
4.1155,0
4.1165,0
4.1175,0
4.1185,0
4.1195,0
4.1205,0
4.1215,0
4.1225,0
4.1235,0
4.1245,0
4.1255,0
4.1265,0
4.1275,0
4.1285,0
4.1295,0
4.1305,0
4.1315,0
4.1325,0
4.1335,0
4.1345,0
4.1355,0
4.1365,0
4.1375,0
4.1385,0
4.1395,0
4.1405,0
4.1415,0
4.1425,0
4.1435,0
4.1445,0
4.1455,0
4.1465,0
4.1475,0
4.1485,0
4.1495,0
4.1505,0
4.1515,0
4.1525,0
4.1535,0
4.1545,1
4.1555,0
4.1565,0
4.1575,0
4.1585,0
4.1595,0
4.1605,0
4.1615,0
4.1625,0
4.1635,0
4.1645,0
4.1655,0
4.1665,0
4.1675,0
4.1685,0
4.1695,0
4.1705,0
4.1715,0
4.1725,0
4.1735,0
4.1745,0
4.1755,0
4.1765,0
4.1775,0
4.1785,0
4.1795,0
4.1805,0
4.1815,0
4.1825,0
4.1835,0
4.1845,0
4.1855,0
4.1865,0
4.1875,0
4.1885,0
4.1895,0
4.1905,0
4.1915,0
4.1925,0
4.1935,0
4.1945,0
4.1955,0
4.1965,0
4.1975,0
4.1985,0
4.1995,0
4.2005,0
4.2015,0
4.2025,0
4.2035,0
4.2045,0
4.2055,0
4.2065,0
4.2075,0
4.2085,0
4.2095,0
4.2105,0
4.2115,0
4.2125,0
4.2135,0
4.2145,0
4.2155,0
4.2165,0
4.2175,0
4.2185,0
4.2195,0
4.2205,0
4.2215,0
4.2225,0
4.2235,0
4.2245,1
4.2255,0
4.2265,0
4.2275,0
4.2285,0
4.2295,0
4.2305,0
4.2315,0
4.2325,0
4.2335,0
4.2345,0
4.2355,0
4.2365,0
4.2375,0
4.2385,0
4.2395,0
4.2405,0
4.2415,0
4.2425,0
4.2435,0
4.2445,0
4.2455,0
4.2465,0
4.2475,0
4.2485,0
4.2495,0
4.2505,0
4.2515,0
4.2525,0
4.2535,0
4.2545,0
4.2555,0
4.2565,0
4.2575,0
4.2585,0
4.2595,0
4.2605,0
4.2615,0
4.2625,0
4.2635,0
4.2645,0
4.2655,0
4.2665,0
4.2675,0
4.2685,0
4.2695,0
4.2705,0
4.2715,0
4.2725,0
4.2735,0
4.2745,0
4.2755,0
4.2765,0
4.2775,0
4.2785,0
4.2795,0
4.2805,0
4.2815,0
4.2825,0
4.2835,0
4.2845,0
4.2855,0
4.2865,0
4.2875,0
4.2885,0
4.2895,0
4.2905,0
4.2915,0
4.2925,0
4.2935,0
4.2945,0
4.2955,0
4.2965,0
4.2975,0
4.2985,0
4.2995,0
4.3005,0
4.3015,0
4.3025,0
4.3035,0
4.3045,0
4.3055,0
4.3065,0
4.3075,0
4.3085,0
4.3095,0
4.3105,0
4.3115,0
4.3125,0
4.3135,0
4.3145,0
4.3155,0
4.3165,0
4.3175,0
4.3185,0
4.3195,0
4.3205,0
4.3215,0
4.3225,0
4.3235,0
4.3245,0
4.3255,0
4.3265,0
4.3275,0
4.3285,0
4.3295,0
4.3305,0
4.3315,0
4.3325,0
4.3335,0
4.3345,0
4.3355,0
4.3365,0
4.3375,0
4.3385,0
4.3395,0
4.3405,0
4.3415,0
4.3425,0
4.3435,0
4.3445,0
4.3455,0
4.3465,0
4.3475,0
4.3485,0
4.3495,0
4.3505,0
4.3515,0
4.3525,0
4.3535,0
4.3545,0
4.3555,0
4.3565,0
4.3575,0
4.3585,0
4.3595,0
4.3605,0
4.3615,0
4.3625,0
4.3635,0
4.3645,0
4.3655,0
4.3665,0
4.3675,0
4.3685,0
4.3695,0
4.3705,0
4.3715,0
4.3725,0
4.3735,0
4.3745,0
4.3755,0
4.3765,0
4.3775,0
4.3785,0
4.3795,0
4.3805,0
4.3815,0
4.3825,0
4.3835,0
4.3845,0
4.3855,0
4.3865,0
4.3875,0
4.3885,0
4.3895,0
4.3905,0
4.3915,0
4.3925,0
4.3935,0
4.3945,0
4.3955,0
4.3965,0
4.3975,0
4.3985,0
4.3995,0
4.4005,0
4.4015,0
4.4025,0
4.4035,0
4.4045,0
4.4055,0
4.4065,0
4.4075,0
4.4085,0
4.4095,0
4.4105,0
4.4115,0
4.4125,0
4.4135,0
4.4145,0
4.4155,0
4.4165,0
4.4175,0
4.4185,0
4.4195,0
4.4205,0
4.4215,0
4.4225,0
4.4235,0
4.4245,0
4.4255,0
4.4265,0
4.4275,0
4.4285,0
4.4295,0
4.4305,0
4.4315,0
4.4325,0
4.4335,0
4.4345,0
4.4355,0
4.4365,0
4.4375,0
4.4385,0
4.4395,0
4.4405,0
4.4415,0
4.4425,0
4.4435,0
4.4445,0
4.4455,0
4.4465,0
4.4475,0
4.4485,0
4.4495,0
4.4505,0
4.4515,0
4.4525,0
4.4535,0
4.4545,0
4.4555,0
4.4565,0
4.4575,0
4.4585,0
4.4595,0
4.4605,0
4.4615,0
4.4625,0
4.4635,0
4.4645,0
4.4655,0
4.4665,0
4.4675,0
4.4685,0
4.4695,0
4.4705,0
4.4715,0
4.4725,0
4.4735,0
4.4745,0
4.4755,0
4.4765,0
4.4775,0
4.4785,0
4.4795,0
4.4805,0
4.4815,0
4.4825,0
4.4835,0
4.4845,0
4.4855,0
4.4865,0
4.4875,0
4.4885,0
4.4895,0
4.4905,0
4.4915,0
4.4925,0
4.4935,0
4.4945,0
4.4955,0
4.4965,0
4.4975,0
4.4985,0
4.4995,0
4.5005,0
4.5015,0
4.5025,0
4.5035,0
4.5045,0
4.5055,0
4.5065,0
4.5075,0
4.5085,0
4.5095,0
4.5105,0
4.5115,0
4.5125,0
4.5135,0
4.5145,0
4.5155,0
4.5165,0
4.5175,0
4.5185,0
4.5195,0
4.5205,0
4.5215,0
4.5225,0
4.5235,0
4.5245,0
4.5255,0
4.5265,0
4.5275,0
4.5285,0
4.5295,0
4.5305,0
4.5315,0
4.5325,0
4.5335,0
4.5345,0
4.5355,0
4.5365,0
4.5375,0
4.5385,0
4.5395,0
4.5405,0
4.5415,0
4.5425,0
4.5435,0
4.5445,0
4.5455,0
4.5465,0
4.5475,0
4.5485,0
4.5495,0
4.5505,0
4.5515,0
4.5525,0
4.5535,0
4.5545,0
4.5555,0
4.5565,0
4.5575,0
4.5585,0
4.5595,0
4.5605,0
4.5615,0
4.5625,0
4.5635,0
4.5645,0
4.5655,0
4.5665,0
4.5675,0
4.5685,0
4.5695,0
4.5705,0
4.5715,0
4.5725,0
4.5735,0
4.5745,0
4.5755,0
4.5765,0
4.5775,0
4.5785,0
4.5795,0
4.5805,0
4.5815,0
4.5825,0
4.5835,0
4.5845,0
4.5855,0
4.5865,0
4.5875,0
4.5885,0
4.5895,0
4.5905,0
4.5915,0
4.5925,0
4.5935,0
4.5945,0
4.5955,0
4.5965,0
4.5975,0
4.5985,0
4.5995,0
4.6005,0
4.6015,0
4.6025,0
4.6035,0
4.6045,0
4.6055,0
4.6065,0
4.6075,0
4.6085,0
4.6095,0
4.6105,0
4.6115,0
4.6125,0
4.6135,0
4.6145,0
4.6155,0
4.6165,0
4.6175,0
4.6185,0
4.6195,0
4.6205,0
4.6215,0
4.6225,0
4.6235,0
4.6245,0
4.6255,0
4.6265,0
4.6275,0
4.6285,0
4.6295,0
4.6305,0
4.6315,0
4.6325,0
4.6335,0
4.6345,0
4.6355,0
4.6365,0
4.6375,0
4.6385,0
4.6395,0
4.6405,0
4.6415,0
4.6425,0
4.6435,0
4.6445,0
4.6455,0
4.6465,0
4.6475,0
4.6485,0
4.6495,0
4.6505,0
4.6515,0
4.6525,0
4.6535,0
4.6545,0
4.6555,0
4.6565,0
4.6575,0
4.6585,0
4.6595,0
4.6605,0
4.6615,0
4.6625,0
4.6635,0
4.6645,0
4.6655,0
4.6665,0
4.6675,0
4.6685,0
4.6695,0
4.6705,0
4.6715,0
4.6725,0
4.6735,0
4.6745,0
4.6755,0
4.6765,0
4.6775,0
4.6785,0
4.6795,0
4.6805,0
4.6815,0
4.6825,0
4.6835,0
4.6845,0
4.6855,0
4.6865,0
4.6875,0
4.6885,0
4.6895,0
4.6905,0
4.6915,0
4.6925,0
4.6935,0
4.6945,0
4.6955,0
4.6965,0
4.6975,0
4.6985,0
4.6995,0
4.7005,0
4.7015,0
4.7025,0
4.7035,0
4.7045,0
4.7055,0
4.7065,0
4.7075,0
4.7085,0
4.7095,0
4.7105,0
4.7115,0
4.7125,0
4.7135,0
4.7145,0
4.7155,0
4.7165,0
4.7175,0
4.7185,0
4.7195,0
4.7205,0
4.7215,0
4.7225,0
4.7235,0
4.7245,0
4.7255,0
4.7265,0
4.7275,0
4.7285,0
4.7295,0
4.7305,0
4.7315,0
4.7325,0
4.7335,0
4.7345,0
4.7355,0
4.7365,0
4.7375,0
4.7385,0
4.7395,0
4.7405,0
4.7415,0
4.7425,0
4.7435,0
4.7445,0
4.7455,0
4.7465,0
4.7475,0
4.7485,0
4.7495,0
4.7505,0
4.7515,0
4.7525,0
4.7535,0
4.7545,0
4.7555,0
4.7565,0
4.7575,0
4.7585,0
4.7595,0
4.7605,0
4.7615,0
4.7625,0
4.7635,0
4.7645,0
4.7655,0
4.7665,0
4.7675,0
4.7685,0
4.7695,0
4.7705,0
4.7715,0
4.7725,0
4.7735,0
4.7745,0
4.7755,0
4.7765,0
4.7775,0
4.7785,0
4.7795,0
4.7805,0
4.7815,0
4.7825,0
4.7835,0
4.7845,0
4.7855,0
4.7865,0
4.7875,0
4.7885,0
4.7895,0
4.7905,0
4.7915,0
4.7925,0
4.7935,0
4.7945,0
4.7955,0
4.7965,0
4.7975,0
4.7985,0
4.7995,0
4.8005,0
4.8015,0
4.8025,0
4.8035,0
4.8045,0
4.8055,0
4.8065,0
4.8075,0
4.8085,0
4.8095,0
4.8105,0
4.8115,0
4.8125,0
4.8135,0
4.8145,0
4.8155,0
4.8165,0
4.8175,0
4.8185,0
4.8195,0
4.8205,0
4.8215,0
4.8225,0
4.8235,0
4.8245,0
4.8255,0
4.8265,0
4.8275,0
4.8285,0
4.8295,0
4.8305,0
4.8315,0
4.8325,0
4.8335,0
4.8345,0
4.8355,0
4.8365,0
4.8375,0
4.8385,0
4.8395,0
4.8405,0
4.8415,0
4.8425,0
4.8435,0
4.8445,0
4.8455,0
4.8465,0
4.8475,0
4.8485,0
4.8495,0
4.8505,0
4.8515,0
4.8525,0
4.8535,0
4.8545,0
4.8555,0
4.8565,0
4.8575,0
4.8585,0
4.8595,0
4.8605,0
4.8615,0
4.8625,0
4.8635,0
4.8645,0
4.8655,0
4.8665,0
4.8675,0
4.8685,0
4.8695,0
4.8705,0
4.8715,0
4.8725,0
4.8735,0
4.8745,0
4.8755,0
4.8765,0
4.8775,0
4.8785,0
4.8795,0
4.8805,0
4.8815,0
4.8825,0
4.8835,0
4.8845,0
4.8855,0
4.8865,0
4.8875,0
4.8885,0
4.8895,0
4.8905,0
4.8915,0
4.8925,0
4.8935,0
4.8945,0
4.8955,0
4.8965,0
4.8975,0
4.8985,0
4.8995,0
4.9005,0
4.9015,0
4.9025,0
4.9035,0
4.9045,0
4.9055,0
4.9065,0
4.9075,0
4.9085,0
4.9095,0
4.9105,0
4.9115,0
4.9125,0
4.9135,0
4.9145,0
4.9155,0
4.9165,0
4.9175,0
4.9185,0
4.9195,0
4.9205,0
4.9215,0
4.9225,0
4.9235,0
4.9245,0
4.9255,0
4.9265,0
4.9275,0
4.9285,0
4.9295,0
4.9305,0
4.9315,0
4.9325,0
4.9335,0
4.9345,0
4.9355,0
4.9365,0
4.9375,0
4.9385,0
4.9395,0
4.9405,0
4.9415,0
4.9425,0
4.9435,0
4.9445,0
4.9455,0
4.9465,0
4.9475,0
4.9485,0
4.9495,0
4.9505,0
4.9515,0
4.9525,0
4.9535,0
4.9545,0
4.9555,0
4.9565,0
4.9575,0
4.9585,0
4.9595,0
4.9605,0
4.9615,0
4.9625,0
4.9635,0
4.9645,0
4.9655,0
4.9665,0
4.9675,0
4.9685,0
4.9695,0
4.9705,0
4.9715,0
4.9725,0
4.9735,0
4.9745,0
4.9755,0
4.9765,0
4.9775,0
4.9785,0
4.9795,0
4.9805,0
4.9815,0
4.9825,0
4.9835,0
4.9845,0
4.9855,0
4.9865,0
4.9875,0
4.9885,0
4.9895,0
4.9905,0
4.9915,0
4.9925,0
4.9935,0
4.9945,0
4.9955,0
4.9965,0
4.9975,0
4.9985,0
4.9995,0
